,Channel,Region,Fresh,Milk,Grocery,Frozen,Detergents_Paper,Delicatessen,x_kpca_poly,y_kpca_poly,x_kpca_rbf,y_kpca_rbf,x_kpca_cos,y_kpca_cos,cluster_kpca_cos
0,Retail,Other,12669,9656,7561,214,2674,1338,-0.2981455011525592,-0.30767198128264556,0.06607498270552245,-0.1354360800882269,0.5047893015158404,0.009622306647378379,0
1,Retail,Other,7057,9810,9568,1762,3293,1776,-0.27261303250597074,-0.24876242458611073,0.1628576841519512,-0.23520512841366778,0.8899412223120093,-0.2628329463279435,0
2,Retail,Other,6353,8808,7684,2405,3516,7844,0.5578704880415541,-0.3561023577302955,0.28622431421648037,0.06638662887478178,0.4739940541267172,0.2356868332458662,0
3,HoReCa,Other,13265,1196,4221,6404,507,1788,-0.2634188126883905,-0.45402270817135115,-0.2538494471925276,0.17305833947869076,-0.618611427124164,0.3701305442802815,2
4,Retail,Other,22615,5410,7198,3915,1777,5185,0.1269216426926036,-0.43273303366848614,0.04800053554699182,0.34176189420836534,0.0688995379431253,0.8618293827365122,2
5,Retail,Other,9413,8259,5126,666,1795,1451,-0.3070092865660384,-0.3932274030478152,-0.06287550782692398,-0.17787632022070432,0.10295629527946565,-0.33045648010926526,1
6,Retail,Other,12126,3199,6975,480,3140,545,-0.30381151276919155,-0.4076338926810739,-0.10710874989227935,-0.14875621083631343,-0.09216796241777565,-0.2898919276536127,1
7,Retail,Other,7579,4956,9426,1669,3321,2566,-0.2708609871435915,-0.34459349932142935,0.04434951973250447,-0.20893922705444581,0.5540934639173403,-0.3475508620366147,0
8,HoReCa,Other,5963,3648,6192,425,1716,750,-0.3085904866828045,-0.4317355409418066,-0.15552257062484143,-0.26514788382724663,-0.15578901423447628,-0.6896927304727343,1
9,Retail,Other,6006,11093,18881,1159,7425,2098,-0.21822231916402288,0.39784228719010933,0.6345610710014856,-0.22535449816636896,1.1648509491774437,0.023746724906468408,0
10,Retail,Other,3366,5403,12974,4400,5977,1744,-0.26759577794722667,-0.15746193071258546,0.2739181175584558,-0.24233918903449284,0.8649020932926699,-0.19286306252342605,0
11,Retail,Other,13146,1124,4523,1420,549,497,-0.3050299690350553,-0.4462527274769142,-0.2956896529979122,-0.02498709922421483,-0.6524416952788546,-0.10638673171860981,1
12,Retail,Other,31714,12319,11757,287,3881,2931,-0.10356968462704523,-0.02732043685670068,0.30435818728814384,0.3462410193015276,0.5189256754099233,0.8891844129165531,2
13,Retail,Other,21217,6208,14982,3095,6707,602,-0.27641845841890217,0.003073681390052734,0.31688819842428373,0.08442860597677102,0.7459587900333247,0.6652437528164213,0
14,Retail,Other,24653,9465,12091,294,5058,2168,-0.22432587265085654,-0.061686609867631886,0.281610202035812,0.152383022491645,0.6716997036238871,0.7605400813714231,0
15,HoReCa,Other,10253,1114,3821,397,964,412,-0.29054593146059954,-0.44540465238162225,-0.2839175355782819,-0.12478299730701907,-0.5245171920456181,-0.34778855844424855,1
16,Retail,Other,1020,8816,12121,134,4508,1080,-0.30338822480477695,-0.1626950706288561,0.2863053641094474,-0.3853013894263103,0.8519358136546636,-0.5460352667323771,0
17,HoReCa,Other,5876,6157,2933,839,370,4478,-0.14709758484420446,-0.4520707831306737,-0.08072193372362685,-0.09635700696164555,-0.033220293296646795,-0.1149311364462006,1
18,Retail,Other,18601,6327,10099,2205,2767,3181,-0.1740228619794885,-0.3225670165761414,0.07173795133802602,0.10619167027123413,0.3876603752214,0.842992215464666,2
19,HoReCa,Other,7780,2495,9464,669,2518,501,-0.3010543559194859,-0.40257064286019917,-0.08005690035110552,-0.24279059118442806,0.0447654364436746,-0.5527699503922404,1
20,Retail,Other,17546,4519,4602,1066,2259,2124,-0.2916872427258563,-0.4258445092555903,-0.13909122137141253,0.06286803998628426,-0.30752089028589896,0.44318830528889236,2
21,HoReCa,Other,5567,871,2010,3383,375,569,-0.30994524920214966,-0.4229278704853112,-0.3278010768226439,-0.1163938037152252,-0.6188073618880081,-0.3876127760478737,1
22,HoReCa,Other,31276,1917,4469,9408,2381,4334,0.1991556384279405,-0.5010290581069262,0.054640071433090596,0.6455033343382829,-0.15600433489142207,1.005037085312467,2
23,Retail,Other,26373,36423,22019,5154,4337,16523,6.815609911752713,1.693438626193847,0.40005816280365974,0.3371276403043666,0.7065213342862832,0.6250312465235667,0
24,Retail,Other,22647,9776,13792,2915,4482,5778,0.32675971442600094,-0.06446410136472382,0.36197680341745014,0.2491867306039818,0.65166474020812,0.8093177360160559,0
25,Retail,Other,16165,4230,7595,201,4003,57,-0.28988476830849796,-0.36761264546947064,-0.030780904802976697,-0.06932805824001358,0.11452974129428223,0.06812692646640472,2
26,HoReCa,Other,9898,961,2861,3151,242,833,-0.31483779602775813,-0.4324686011330287,-0.3327097297725889,-0.031974487975965166,-0.7423357127810751,-0.17657511608256257,1
27,HoReCa,Other,14276,803,3045,485,100,518,-0.29741308388636434,-0.437359321401668,-0.32017049463794905,0.0037208586036808705,-0.6391505057184969,-0.07438347274703101,1
28,Retail,Other,4113,20484,25957,1158,8604,5206,0.396356070283048,1.5256292130438622,0.7893208301455759,0.06157116426689379,1.1249453280505723,0.2130374858337624,0
29,HoReCa,Other,43088,2100,2609,1200,1107,823,-0.2934215073644046,-0.45434790726724034,0.011681909928953743,0.670252111928558,-0.27649261022401944,0.8502143237539174,2
30,HoReCa,Other,18815,3610,11107,1148,2134,2963,-0.23877277891962215,-0.36784496131473077,0.00933896162140252,0.0948250389718181,0.16493083317346713,0.6234542505990085,2
31,HoReCa,Other,2612,4339,3133,2088,820,985,-0.31801134320941354,-0.4401506503297453,-0.22182377987308086,-0.24846624579252716,-0.3202832277448936,-0.6543615200910103,1
32,HoReCa,Other,21632,1318,2886,266,918,405,-0.2977784307600319,-0.45119504852425835,-0.25880575644555653,0.18212693153999263,-0.5331976714561586,0.3096951135050879,2
33,HoReCa,Other,29729,4786,7326,6130,361,1083,-0.2340438539729616,-0.4408568283298462,-0.06912423602099341,0.5436162406939427,-0.2657127763492752,1.016017675868507,2
34,HoReCa,Other,1502,1979,2262,425,483,395,-0.2825243684587114,-0.43112431064488704,-0.26611995304810093,-0.27479814069634206,-0.35533456017248427,-0.6617378578423457,1
35,Retail,Other,688,5491,11091,833,4239,436,-0.3003026787302078,-0.2845043853309512,0.14703079662709648,-0.39112091297977336,0.6000385488030906,-0.6994720898570782,0
36,HoReCa,Other,29955,4362,5428,1729,862,4626,-0.028099787933821414,-0.45453938415963235,0.00026389118011500547,0.47025901782693796,-0.10896559076293663,0.8729278267080997,2
37,Retail,Other,15168,10556,12477,1920,6506,714,-0.2754157305804689,0.04826659169684493,0.3756598657745612,-0.09112628699770461,1.011085471493387,0.35450716898714457,0
38,Retail,Other,4591,15729,16709,33,6956,433,-0.2646822477707131,0.4612409913969012,0.6384536884884008,-0.23105505332823056,1.0669990965728446,-0.08668972605110764,0
39,HoReCa,Other,56159,555,902,10002,212,2916,0.11743656124639058,-0.49366508139263854,0.23618664373721843,0.7638848057245081,-0.26581608977093313,1.052055768848105,2
40,HoReCa,Other,24025,4332,4757,9510,1145,5864,0.5211386864964698,-0.5306268248253918,0.07931153596082044,0.5282042071944849,-0.07066330438118068,0.8768592401126594,2
41,HoReCa,Other,19176,3065,5956,2033,2575,2802,-0.25021327898665113,-0.4253101361916302,-0.10878284619288575,0.14630917560042303,-0.22676153440559038,0.6812704745370021,2
42,Retail,Other,10850,7555,14961,188,6899,46,-0.28181392915672,0.040217286936456036,0.39621615440356933,-0.22533048313504048,0.9339095988837426,-0.041495931034714315,0
43,Retail,Other,630,11095,23998,787,9529,72,-0.256205263919986,0.8413461899313894,0.7622471257005441,-0.20057780280840642,1.0782110305381696,-0.12640716133470997,0
44,Retail,Other,9670,7027,10471,541,4618,65,-0.2945743504891713,-0.24187088414841587,0.14865104210367694,-0.24827796424841794,0.6993504189316265,-0.30140268139030746,0
45,Retail,Other,5181,22044,21531,1740,7353,4985,0.3948858430938787,1.1699484872740245,0.7475905266621831,0.047405948046796556,1.083771145978029,0.2388126338146779,0
46,Retail,Other,3103,14069,21955,1668,6792,1452,-0.21455318934983128,0.6216965732763182,0.7130010057948415,-0.19980703746661738,1.13625408372397,-0.007844312938151599,0
47,Retail,Other,44466,54259,55571,7782,24171,6465,4.093732795802271,14.692915798649462,0.3912275298371151,0.3384119585998412,1.046819537474016,0.6355703661769263,0
48,Retail,Other,11519,6152,10868,584,5121,1476,-0.29951325858389144,-0.21596353431575663,0.17569787349605198,-0.1956630624732927,0.8848206201740578,-0.06628411696761503,0
49,Retail,Other,4967,21412,28921,1798,13583,1163,-0.06482608794969212,2.5861114204334466,0.8545526303255663,0.10022148474682605,1.165907758074739,0.16553202774555278,0
50,HoReCa,Other,6269,1095,1980,3860,609,2162,-0.29637895352261534,-0.43149394490007886,-0.291478172201139,-0.06522428701494533,-0.5820706110905141,-0.226197304112846,1
51,HoReCa,Other,3347,4051,6996,239,1538,301,-0.293047335673042,-0.42924044643204734,-0.12272858174973562,-0.3196121487282639,-0.0287229449394194,-0.7430876992955525,1
52,Retail,Other,40721,3916,5876,532,2587,1278,-0.2819557605889195,-0.40382681984820973,0.06026195619313744,0.5992199505645714,-0.08674957266417146,0.8909028791210406,2
53,Retail,Other,491,10473,11532,744,5611,224,-0.2957800760501955,-0.07821119919677759,0.3556403348643371,-0.3729058879527364,0.874098827595208,-0.47584878530964064,0
54,HoReCa,Other,27329,1449,1947,2436,204,1333,-0.30337649737893174,-0.44462855482493024,-0.23399514560723955,0.4247086683298828,-0.566123617788878,0.6849596429801804,2
55,HoReCa,Other,5264,3683,5005,1057,2024,1130,-0.31667377451184314,-0.43255491396574836,-0.16580479647161736,-0.2595352196476681,-0.2019424298597643,-0.7210255982115938,1
56,Retail,Other,4098,29892,26866,2616,17740,1340,0.1410133585299853,4.031671047627669,0.6952804046085663,0.2481858437902841,1.1345482302711056,0.20080584685527683,0
57,Retail,Other,5417,9933,10487,38,7572,1282,-0.2904807039721231,0.016404434643237112,0.4128329550817085,-0.30589199922822885,0.9906745830480064,-0.241049736273137,0
58,HoReCa,Other,13779,1970,1648,596,227,436,-0.29891900694571244,-0.4365101010193986,-0.3240653209148165,-0.007756441701435342,-0.6503694520222103,-0.10235035203594318,1
59,HoReCa,Other,6137,5360,8040,129,3084,1603,-0.31241665997320056,-0.36627107602407133,0.0027085466355571655,-0.2911082452445204,0.373121308690209,-0.6586893364667844,0
60,Retail,Other,8590,3045,7854,96,4095,225,-0.28528950514318185,-0.3805267039845375,-0.033097299983064404,-0.2533118108577775,0.17949326231368745,-0.5060044485503937,1
61,Retail,Other,35942,38369,59598,3254,26701,2017,1.236880676637795,13.099663179633302,0.40725174623842325,0.34384421445603236,1.0963961681567707,0.5179666938410357,0
62,Retail,Other,7823,6245,6544,4154,4074,964,-0.29988970254245395,-0.3546973375191978,-5.532114996068187e-05,-0.15949130962066263,0.3534299733656378,-0.3086495975566465,0
63,Retail,Other,9396,11601,15775,2896,7677,1295,-0.23412128286160422,0.2989169830375435,0.560243388875082,-0.1678559406133141,1.1558068953920955,0.1786350492521059,0
64,HoReCa,Other,4760,1227,3250,3724,1247,1145,-0.31616704332517725,-0.4386808889230804,-0.27150068164161445,-0.14434951514107178,-0.5182627933852386,-0.4322266616355373,1
65,Retail,Other,85,20959,45828,36,24231,1423,0.09731608801763228,6.793661579793138,0.5447950677055438,0.3202014267079833,1.148395738588308,0.13524693209006544,0
66,HoReCa,Other,9,1534,7417,175,3468,27,-0.2564243938853985,-0.41600734163505887,-0.056612468926235955,-0.36974661334202547,0.10625886719030354,-0.7534036783570163,1
67,Retail,Other,19913,6759,13462,1256,5141,834,-0.2898851148886742,-0.12126245446110788,0.23112465572018026,0.022239921243304244,0.7219711661891856,0.5778175984956203,0
68,HoReCa,Other,2446,7260,3993,5870,788,3095,-0.14715917131958425,-0.4484752959793196,-0.06910807996216756,-0.07314128352089183,-0.015172720740140548,-0.0958264945212774,1
69,HoReCa,Other,8352,2820,1293,779,656,144,-0.28779744744492536,-0.4390176515485401,-0.30434931339180327,-0.14661627011662995,-0.540462332391083,-0.4177517515871896,1
70,HoReCa,Other,16705,2037,3202,10643,116,1365,-0.1846911706042782,-0.47064131131188736,-0.14975707249263354,0.4061185443904235,-0.421447433656959,0.5814482961589549,2
71,HoReCa,Other,18291,1266,21042,5373,4173,14472,3.0019037321481172,-0.36679450725075824,0.4009307811395696,0.3441130872969646,0.4284467783983805,0.5388427699211275,2
72,HoReCa,Other,4420,5139,2661,8872,1321,181,-0.2852857901963014,-0.4545287538507032,-0.13780279462363457,0.04560948819773206,-0.2354513943970504,-0.003343899473302315,1
73,Retail,Other,19899,5332,8713,8132,764,648,-0.23864544678413666,-0.42984068759232336,-0.06700081422291118,0.3405711926520375,-0.1884618283415248,0.8126110518976686,2
74,Retail,Other,8190,6343,9794,1285,1901,1780,-0.2975819627585641,-0.36046232848856113,0.00475587289324536,-0.210273711380051,0.42509586397263804,-0.45365346639421933,0
75,HoReCa,Other,20398,1137,3,4407,3,975,-0.3054147984057138,-0.4210526080689366,-0.32205712861102265,0.30870982502312627,-0.7545245986949449,0.47757790413847306,2
76,HoReCa,Other,717,3587,6532,7530,529,894,-0.28823143127981293,-0.449637797437965,-0.12933195605120612,-0.07622201970425992,-0.164762328156594,-0.2179663842773198,1
77,Retail,Other,12205,12697,28540,869,12034,1009,-0.18717140749620803,1.63813393755336,0.8389020974376603,0.012027742019948913,1.1206394962774135,0.24194671092944955,0
78,HoReCa,Other,10766,1175,2067,2096,301,167,-0.29609255707576726,-0.43188238936295187,-0.34122146532293846,-0.04611379650387725,-0.7004238678739123,-0.21788075684439456,1
79,HoReCa,Other,1640,3259,3655,868,1202,1653,-0.3186950327765689,-0.4383626733174754,-0.1937980737158275,-0.28722851515430947,-0.2098209709759299,-0.6871863036900918,1
80,HoReCa,Other,7005,829,3009,430,610,529,-0.29001612786987213,-0.4351910820465153,-0.30022624476010973,-0.1786256595260978,-0.50431931915681,-0.4801727327940397,1
81,Retail,Other,219,9540,14403,283,7818,156,-0.28152735984340677,0.1378376462910888,0.5083745937379965,-0.35509127189840534,0.9656659322700974,-0.374977851427284,0
82,Retail,Other,10362,9232,11009,737,3537,2342,-0.25130889471048,-0.20976798602737826,0.20311730332447267,-0.18147423016052988,0.9380307119266681,0.022311778152917693,0
83,HoReCa,Other,20874,1563,1783,2320,550,772,-0.31262937377546896,-0.4426284083944621,-0.29811960271139143,0.23316549556778116,-0.6908481647038806,0.42608215256370596,2
84,Retail,Other,11867,3327,4814,1178,3837,120,-0.29482987402186706,-0.416791567539664,-0.12703456315353515,-0.1369404467560956,-0.1594503614157024,-0.27285492153587587,1
85,Retail,Other,16117,46197,92780,1026,40827,2944,2.2240087796499957,28.78553190663225,0.3836292350993711,0.3324065579849099,1.149627304675409,0.3385310835504962,0
86,Retail,Other,22925,73498,32114,987,20070,903,1.7469782125138835,12.50799784031743,0.38509824926353053,0.3329518472901567,0.9724824531993255,0.3833676285205045,0
87,HoReCa,Other,43265,5025,8117,6312,1579,14351,3.498056663800365,-0.7251615515777002,0.3759961277193121,0.41820870559995504,0.1771470297672999,0.837456783915144,2
88,HoReCa,Other,7864,542,4042,9735,165,46,-0.28595530314246914,-0.4462815564849724,-0.19574064355372606,0.17553117013819655,-0.4201080075104557,0.14159061626856798,2
89,HoReCa,Other,24904,3836,5330,3443,454,3178,-0.16725509384360537,-0.4565047172608725,-0.12516720575220652,0.39058558123915976,-0.32951050112621516,0.9016782884608262,2
90,HoReCa,Other,11405,596,1638,3347,69,360,-0.3067949534681042,-0.4206924043804772,-0.3577044138515569,0.021804428471696446,-0.7648710686059702,-0.0858534338884125,1
91,HoReCa,Other,12754,2762,2530,8693,627,1117,-0.2502979037294973,-0.4591770630195576,-0.21295563565372597,0.2407664912801725,-0.4874605703811687,0.3928984954587651,2
92,Retail,Other,9198,27472,32034,3232,18906,5130,0.8634578525307021,4.662444448147092,0.6574876012701479,0.29316756228443663,1.1548350904369962,0.3403682040082511,0
93,HoReCa,Other,11314,3090,2062,35009,71,2698,1.5791557708709636,-0.8187785316487504,0.3759556575835416,0.3669638395940874,-0.041399223011036296,0.5324876653575948,2
94,Retail,Other,5626,12220,11323,206,5038,244,-0.2940374374986759,-0.05019779266012563,0.3521985390277247,-0.297490378882358,0.9028491020028353,-0.2678894435767464,0
95,HoReCa,Other,3,2920,6252,440,223,709,-0.30211637826678545,-0.44049656376218455,-0.17832037959827732,-0.3229178324253214,-0.15294248141700845,-0.7259523252920131,1
96,Retail,Other,23,2616,8118,145,3874,217,-0.2735495046940804,-0.38966007776264705,-0.0015631680440695995,-0.3867298060334871,0.23756369873419225,-0.7668978256775626,1
97,HoReCa,Other,403,254,610,774,54,63,-0.25198785091308873,-0.3948653881483149,-0.30545287239206387,-0.23986272269207104,-0.4384791894903249,-0.6101071903197052,1
98,HoReCa,Other,503,112,778,895,56,132,-0.2574895069178783,-0.3947013509060914,-0.30750240637391824,-0.23694304861252177,-0.44474297540301483,-0.6054946701786983,1
99,HoReCa,Other,9658,2182,1909,5639,215,323,-0.3093921643770756,-0.43591647373601927,-0.3104772649575411,0.048160904784057296,-0.6720002351437817,-0.012278377094864505,1
100,Retail,Other,11594,7779,12144,3252,8035,3029,-0.1552520422524323,0.03978362222333134,0.41147646035606184,-0.09214341620879313,1.021235048652461,0.3420047572090172,0
101,Retail,Other,1420,10810,16267,1593,6766,1838,-0.2495100759257348,0.19769695266648485,0.55065935124071,-0.30524919976943066,1.1107038954484225,-0.19909247065607935,0
102,Retail,Other,2932,6459,7677,2561,4573,1386,-0.304126786515529,-0.313702824803742,0.09086583589727967,-0.3094149610855313,0.6231288952200016,-0.6441470321122068,0
103,HoReCa,Other,56082,3504,8906,18028,1480,2498,0.6037632538579725,-0.5165371330378917,0.34122757210563814,0.623470757484605,-0.05579643972011101,1.0789826233293731,2
104,HoReCa,Other,14100,2132,3445,1336,1491,548,-0.3080760422614444,-0.448227769898225,-0.26953331659650076,-0.01903484837797685,-0.6290412356346763,-0.05669671931893624,1
105,HoReCa,Other,15587,1014,3970,910,139,1378,-0.31661680741968423,-0.44206647268690097,-0.29588503971480085,0.05179570253201756,-0.6500958512772903,0.09097042990690442,1
106,Retail,Other,1454,6337,10704,133,6830,1831,-0.300140615677771,-0.13759443316238937,0.3130103316351816,-0.36721841966688734,0.8500377029836907,-0.47134984395956203,0
107,Retail,Other,8797,10646,14886,2471,8969,1438,-0.24191941518558085,0.3300737886109224,0.5794416927929688,-0.18343541335110886,1.1328766118030587,0.12548255234789232,0
108,Retail,Other,1531,8397,6981,247,2505,1236,-0.3128019841431259,-0.35624574777122126,0.048336352115948424,-0.3549495721024142,0.41992451566106875,-0.6923183687253206,0
109,Retail,Other,1406,16729,28986,673,836,3,-0.2586277398753523,0.511285123412499,0.5786758485365299,-0.054575153148304044,0.846607674448327,-0.03293784358576612,0
110,HoReCa,Other,11818,1648,1694,2276,169,1647,-0.31385144847518254,-0.4308100230421879,-0.32805369115629734,0.006490836372366217,-0.7471941380562044,-0.05236900511489028,1
111,Retail,Other,12579,11114,17569,805,6457,1519,-0.24502922605794328,0.2711142096657115,0.5364573431673377,-0.14671157344387123,1.1266111371117136,0.23324827708271656,0
112,HoReCa,Other,19046,2770,2469,8853,483,2708,-0.10043253720980903,-0.477406727972505,-0.15490632027181714,0.42006893900595765,-0.42732050342881756,0.7242482326350226,2
113,HoReCa,Other,14438,2295,1733,3220,585,1561,-0.30615221649271135,-0.4416313040336451,-0.30867440635240656,0.0910268403450785,-0.7945223177263407,0.1998376969486062,2
114,HoReCa,Other,18044,1080,2000,2555,118,1266,-0.31323903942926706,-0.4345942552508662,-0.3229058062689774,0.17723495091920027,-0.760937166511411,0.3218048939116357,2
115,HoReCa,Other,11134,793,2988,2715,276,610,-0.3110517101068841,-0.43399634259692255,-0.33518050382768727,-0.018765083002673925,-0.7446736549222277,-0.14250206546851657,1
116,HoReCa,Other,11173,2521,3355,1517,310,222,-0.3007251073088736,-0.44492019000662714,-0.3028784490866927,-0.07196796746690282,-0.6432933308950809,-0.24302371160667063,1
117,HoReCa,Other,6990,3880,5380,1647,319,1160,-0.3179594298400828,-0.44246616724402615,-0.2258645144572782,-0.17902437843166244,-0.4455800242829275,-0.5152476244213481,1
118,HoReCa,Other,20049,1891,2362,5343,411,933,-0.2962000361980437,-0.44835384067053463,-0.2781931186941701,0.30770229052600584,-0.6971472467333835,0.5924811188205423,2
119,HoReCa,Other,8258,2344,2147,3896,266,635,-0.31450399488242115,-0.4353227572035892,-0.31902793608038843,-0.05157514764473997,-0.6973197868558394,-0.22874081434465537,1
120,HoReCa,Other,17160,1200,3412,2417,174,1136,-0.31454494439430286,-0.4424627763584137,-0.30919843669806285,0.13541645991109552,-0.7517771197964331,0.2784161754866314,2
121,HoReCa,Other,4020,3234,1498,2395,264,255,-0.3038644610758233,-0.4322788735648402,-0.2964145466646329,-0.18827917746973566,-0.500471387157435,-0.5266646762265582,1
122,HoReCa,Other,12212,201,245,1991,25,860,-0.3103769702616588,-0.4036073586666771,-0.37062522849314805,0.021273130045418705,-0.7554520510958846,-0.09267804919766007,1
123,Retail,Other,11170,10769,8814,2194,1976,143,-0.3037405858246029,-0.29747350027995934,0.07407681199024357,-0.12625988124780435,0.4593130169470623,0.005875231508595439,0
124,HoReCa,Other,36050,1642,2961,4787,500,1621,-0.2450509574117807,-0.4598275859054003,-0.08682193752489724,0.6694605356224468,-0.39416191484703544,0.9411586573550246,2
125,HoReCa,Other,76237,3473,7102,16538,778,918,0.3690449148335369,-0.4888037267801421,0.37877747160744096,0.5145004764947909,-0.09843482792804524,1.0934505656951083,2
126,HoReCa,Other,19219,1840,1658,8195,349,483,-0.2773979876918395,-0.44963456028898946,-0.23540877481184747,0.3783422392518526,-0.5803246006671853,0.5714711329502028,2
127,Retail,Other,21465,7243,10685,880,2386,2749,-0.21573146588924938,-0.2985726031432836,0.09083380664029157,0.14068363748887217,0.3682469583780525,0.7896823044663959,2
128,HoReCa,Other,140,8847,3823,142,1062,3,-0.29624638458282093,-0.42003793273654394,-0.061468490860854236,-0.3295223558045029,0.09424987307299922,-0.6576480425920515,1
129,HoReCa,Other,42312,926,1510,1718,410,1819,-0.27221269223998756,-0.4510023494777637,-0.013103578266988184,0.6905370583696866,-0.3444181385930858,0.8609681703287704,2
130,HoReCa,Other,7149,2428,699,6316,395,911,-0.3017514438155218,-0.4309979200411607,-0.2938935651764704,0.031989501285438114,-0.597433248823578,-0.059363164554184236,1
131,HoReCa,Other,2101,589,314,346,70,310,-0.2656162996410092,-0.3982485584335231,-0.31487021373446294,-0.22562296454277245,-0.4635785010345351,-0.5787137976395582,1
132,HoReCa,Other,14903,2032,2479,576,955,328,-0.29629585346279286,-0.4475738394491884,-0.2925231621145059,-0.0003415780216997225,-0.6021386610561436,-0.049941192020879106,1
133,HoReCa,Other,9434,1042,1235,436,256,396,-0.286510232628295,-0.42394252315366,-0.3360493485545756,-0.10662353038307593,-0.6026583826788329,-0.3390176928857708,1
134,HoReCa,Other,7388,1882,2174,720,47,537,-0.29824166263858354,-0.4305077357961967,-0.3177037752420942,-0.15533535400651116,-0.5606181849094806,-0.4407051920326435,1
135,HoReCa,Other,6300,1289,2591,1170,199,326,-0.2906723993337189,-0.43031659776378145,-0.3170340982417029,-0.17077992881769793,-0.5495345274104397,-0.4815972133534389,1
136,HoReCa,Other,4625,8579,7030,4575,2447,1542,-0.2658379378865997,-0.3612905337259217,0.024104500670185103,-0.17812703110402966,0.3741944617519522,-0.2856755098802175,0
137,HoReCa,Other,3087,8080,8282,661,721,36,-0.30295988156947407,-0.39524039971240665,-0.02706200721434414,-0.3056763462142641,0.1925897487710515,-0.6077837322404092,1
138,HoReCa,Other,13537,4257,5034,155,249,3271,-0.25494003838188695,-0.4464942030591104,-0.15700293024869225,-0.000850617576675438,-0.25045509731565224,0.12383531051663278,2
139,HoReCa,Other,5387,4979,3343,825,637,929,-0.31624865606864094,-0.44109715728241383,-0.2184066972591297,-0.23029429994488831,-0.32611471389424257,-0.5968350946932292,1
140,HoReCa,Other,17623,4280,7305,2279,960,2616,-0.24792935066052604,-0.43113721445861225,-0.12734036016346162,0.11967531030327579,-0.3123403321213222,0.6598433811338882,2
141,HoReCa,Other,30379,13252,5189,321,51,1450,-0.24160160828732477,-0.32925555286906005,0.08257793454103637,0.3802645255803594,0.08226444234570167,0.747810001918415,2
142,HoReCa,Other,37036,7152,8253,2995,20,3,-0.2829839679811624,-0.3990981914494735,0.03103500909245387,0.5816786651539873,-0.11708384057119853,0.9194240321215172,2
143,HoReCa,Other,10405,1596,1096,8425,399,318,-0.2914629428262012,-0.435688990382541,-0.2584101285529128,0.18392685528205532,-0.5512430953970943,0.18826236614005226,2
144,HoReCa,Other,18827,3677,1988,118,516,201,-0.29715640897836865,-0.4496508768306953,-0.2632451858739388,0.09857454484723188,-0.5274023981279824,0.17081981702675958,2
145,Retail,Other,22039,8384,34792,42,12591,4430,0.10544869597410118,1.9824056052135999,0.7018290776654366,0.19426963235644407,1.0061412291842273,0.4679103827562517,0
146,HoReCa,Other,7769,1936,2177,926,73,520,-0.3000068372671078,-0.43136147163042626,-0.32019761638179295,-0.1440638078237993,-0.5816546601821158,-0.4203172618249731,1
147,HoReCa,Other,9203,3373,2707,1286,1082,526,-0.30865467139520786,-0.44507920022784275,-0.2706613063629314,-0.13893657703708975,-0.5551952561024333,-0.40906123967553476,1
148,HoReCa,Other,5924,584,542,4052,283,434,-0.3075244492159591,-0.4066844635356232,-0.34616215131046096,-0.06973992329831706,-0.6515588861577454,-0.3033717097682267,1
149,HoReCa,Other,31812,1433,1651,800,113,1440,-0.3053168383062208,-0.4445099100908794,-0.17012881990040343,0.49049433966230804,-0.45682913256239377,0.6874226156417557,2
150,HoReCa,Other,16225,1825,1765,853,170,1067,-0.3148044766250924,-0.43619044517822064,-0.31709648670898405,0.07226685034991714,-0.6826989462934021,0.09682478078859454,1
151,HoReCa,Other,1289,3328,2022,531,255,1774,-0.31857707371301824,-0.4311907437342821,-0.23500680177128616,-0.2613686143873964,-0.29836122220817635,-0.6123160418221651,1
152,HoReCa,Other,18840,1371,3135,3001,352,184,-0.30638318546837323,-0.4460834095153241,-0.3047523035520205,0.18500399130993259,-0.7130002608573717,0.3351669128548732,2
153,HoReCa,Other,3463,9250,2368,779,302,1627,-0.30841874680006454,-0.42510476111854684,-0.1081518604733724,-0.2305466420441501,-0.025303640345422745,-0.45704851608208297,1
154,HoReCa,Other,622,55,137,75,7,8,-0.2338763833733484,-0.38819397243596665,-0.3038481457130608,-0.23883209202181147,-0.4326545182258479,-0.6052285187176737,1
155,Retail,Other,1989,10690,19460,233,11577,2153,-0.22363636722068486,0.823777561321293,0.7697280695400983,-0.1896900548863114,1.1168132100034915,-0.06545597653389097,0
156,Retail,Other,3830,5291,14855,317,6694,3182,-0.24225650152945047,-0.04031803085437602,0.3967926463810972,-0.2796986672392813,0.9241181923173326,-0.193723363606322,0
157,HoReCa,Other,17773,1366,2474,3378,811,418,-0.3104508795399368,-0.4455045737278045,-0.3074488453370702,0.1665388434102392,-0.743403539834868,0.3187465706689177,2
158,Retail,Other,2861,6570,9618,930,4004,1682,-0.30457404310992797,-0.2919018015475869,0.13006737648497832,-0.34626570934234974,0.7024510691760885,-0.6553976083360123,0
159,Retail,Other,355,7704,14682,398,8077,303,-0.28338296256269224,0.10035061905933153,0.4857727953982644,-0.3576576659137137,0.9403612623530484,-0.38563107995280327,0
160,Retail,Other,1725,3651,12822,824,4424,2157,-0.3016468488792065,-0.26472787934285813,0.1805395545282856,-0.3414027500371869,0.6645231945565451,-0.5166508387141818,0
161,HoReCa,Other,12434,540,283,1092,3,2233,-0.31176622581323776,-0.40953210681429414,-0.33125608727825073,0.02527247798567989,-0.6581413302534364,-0.03613588206617262,1
162,HoReCa,Other,15177,2024,3810,2665,232,610,-0.3135179472287306,-0.4460924532771279,-0.30501120738206466,0.07178162236071929,-0.7645751534462201,0.1432548606160352,1
163,Retail,Other,5531,15726,26870,2367,13726,446,-0.1772614318020307,1.9400324131365507,0.865155750478017,0.01634144300393061,1.1388115485652062,0.1323853245681058,0
164,Retail,Other,5224,7603,8584,2540,3674,238,-0.308069312444888,-0.3122900313352018,0.07258950894350587,-0.2779723164624861,0.5650524447037402,-0.5729601728157911,0
165,Retail,Other,15615,12653,19858,4425,7108,2379,-0.064204752864202,0.5055596350008623,0.6153782343431515,0.027370618565281637,1.0918751309052657,0.5584449005239861,0
166,Retail,Other,4822,6721,9170,993,4973,3637,-0.20064768746937647,-0.2540494862914938,0.2088222718135567,-0.24548282867980845,0.7468257192290534,-0.21471590804879384,0
167,HoReCa,Other,2926,3195,3268,405,1680,693,-0.3020214759775986,-0.4414399055184206,-0.20416166117047432,-0.2944542497894621,-0.2321299735056044,-0.7136260465230615,1
168,HoReCa,Other,5809,735,803,1393,79,429,-0.2913476209379032,-0.40824256758314,-0.34494818693754314,-0.15041583359678629,-0.5933602969486713,-0.4486858678876737,1
169,HoReCa,Other,5414,717,2155,2399,69,750,-0.3095022489285176,-0.418050181558738,-0.332755399501509,-0.14173464360989815,-0.6058119883148253,-0.4348359117001204,1
170,Retail,Other,260,8675,13430,1116,7015,323,-0.2926022478563002,0.013346939757453193,0.42701375327986524,-0.36810307434833345,0.9371136427106039,-0.4237534680949781,0
171,Retail,Other,200,25862,19816,651,8773,6250,0.6810859895561292,1.4982838858896137,0.6990415443539973,0.12237500392743238,1.045856945782659,0.15647799940167395,0
172,HoReCa,Other,955,5479,6536,333,2840,707,-0.30704366822559975,-0.39584157864893893,-0.028493841970917824,-0.3737359251598364,0.22876085171766877,-0.8132785112588334,1
173,Retail,Other,514,7677,19805,937,9836,716,-0.27639162814228335,0.4780270837292314,0.6631056123108777,-0.26962913746923245,1.0334703102044012,-0.201553899608437,0
174,HoReCa,Other,286,1208,5241,2515,153,1442,-0.3179683000362169,-0.43342512233239777,-0.23220044903204703,-0.2429637393348522,-0.31737100013397723,-0.5990677786968777,1
175,Retail,Other,2343,7845,11874,52,4196,1697,-0.2998370968633216,-0.2040787340155399,0.2430575365032205,-0.36435524553888865,0.839493122778924,-0.529364401036132,0
176,HoReCa,Other,45640,6958,6536,7368,1532,230,-0.18983849353441398,-0.39081528115811626,0.15156072259941675,0.7506098041304943,-0.08879035061261208,1.059112767282737,2
177,HoReCa,Other,12759,7330,4533,1752,20,2631,-0.24668901304387061,-0.43528819255837436,-0.14099441849456554,-0.0005493467498090018,-0.253266877970494,0.1892885154456857,2
178,HoReCa,Other,11002,7075,4945,1152,120,395,-0.3136174010051314,-0.4340015592651621,-0.1787275133768094,-0.10728420895604,-0.3103192412027098,-0.2153096173371457,1
179,HoReCa,Other,3157,4888,2500,4477,273,2165,-0.2719347696872783,-0.445198434006346,-0.20975655531019088,-0.12100878754064817,-0.3471762952873325,-0.3125553455337882,1
180,HoReCa,Other,12356,6036,8887,402,1382,2794,-0.260094304345676,-0.38642544489419983,-0.020869458975059006,-0.0886432619977736,0.19686770367664477,0.08479873003159369,0
181,HoReCa,Other,112151,29627,18148,16745,4948,8550,5.053916985414784,1.557934822966509,0.3836402224762162,0.3350152623461024,0.3152045436812062,1.1439804016893558,2
182,HoReCa,Other,694,8533,10518,443,6907,156,-0.2886777149592966,-0.09259825546667973,0.34473575750513413,-0.3799480223140662,0.8311824882809432,-0.499367957577354,0
183,HoReCa,Other,36847,43950,20170,36534,239,47943,59.08654280576411,-3.579204518350164,0.3824051073720533,0.3310439473486459,0.416731148929566,0.6588168363489144,2
184,HoReCa,Other,327,918,4710,74,334,11,-0.2500381512370246,-0.43763213760358466,-0.23170326601817623,-0.2997754327109685,-0.2718517589101308,-0.6862967657639929,1
185,HoReCa,Other,8170,6448,1139,2181,58,247,-0.31328750768401886,-0.4395332848887694,-0.2569745247556173,-0.11360050231357371,-0.47208190976916237,-0.31290677059323974,1
186,HoReCa,Other,3009,521,854,3470,949,727,-0.3103596285121559,-0.4156695761054877,-0.3121229416892475,-0.1552643246991586,-0.5315603461492006,-0.46343371433990566,1
187,HoReCa,Other,2438,8002,9819,6269,3459,3,-0.29643013580587246,-0.3027962975276297,0.11674793279472077,-0.18084216530729658,0.4510053655644426,-0.2249869739962756,0
188,Retail,Other,8040,7639,11687,2758,6839,404,-0.296202172431629,-0.07682734440227204,0.311430399535997,-0.23373763896210895,0.96255264450083,-0.10460441039473997,0
189,Retail,Other,834,11577,11522,275,4027,1856,-0.27682824964823627,-0.12114902201845464,0.33302524622031165,-0.34484218782429576,0.8890651223597419,-0.4080620337312874,0
190,HoReCa,Other,16936,6250,1981,7332,118,64,-0.2852499118969663,-0.4520859660067599,-0.19864047019061706,0.2736000522718562,-0.47093069997703496,0.5091314064620934,2
191,HoReCa,Other,13624,295,1381,890,43,84,-0.2780312554582344,-0.4211009411028965,-0.35068270482502106,0.010706296297571855,-0.6786307136761249,-0.10904454061333138,1
192,HoReCa,Other,5509,1461,2251,547,187,409,-0.2871779456867456,-0.4287229629561105,-0.30862074489050473,-0.19671273610662565,-0.4994055582945394,-0.5229350079881546,1
193,Retail,Other,180,3485,20292,959,5618,666,-0.29368785624642596,-0.009984722718754826,0.40893790254789214,-0.31564432019396904,0.7968536434099992,-0.34685979333510064,0
194,HoReCa,Other,7107,1012,2974,806,355,1142,-0.3124450377506431,-0.43147228151586764,-0.3044001732928674,-0.15894604517755806,-0.5439638783247038,-0.4407065175644156,1
195,HoReCa,Other,17023,5139,5230,7888,330,1755,-0.18820449411550022,-0.4609006758018357,-0.14279126702187414,0.3050829321632793,-0.367853693127543,0.7252004611811517,2
196,HoReCa,Lisbon,30624,7209,4897,18711,763,2876,0.5986915999715636,-0.5561772484731994,0.24436961722528022,0.6213349440528648,-0.05452997962374829,0.8890435523339485,2
197,Retail,Lisbon,2427,7097,10391,1127,4314,1468,-0.3044003927815031,-0.2539472998156097,0.17726629351967904,-0.3553841019145163,0.7896697995948208,-0.6198985665561713,0
198,HoReCa,Lisbon,11686,2154,6824,3527,592,697,-0.3139960309207816,-0.4467105007836247,-0.2407363771269483,-0.018225652588524852,-0.6570585793602718,-0.026543350787017663,1
199,HoReCa,Lisbon,9670,2280,2112,520,402,347,-0.2931765304701274,-0.43910052210330663,-0.30909831255828946,-0.12061462215827219,-0.5709611760597474,-0.35539954467164664,1
200,Retail,Lisbon,3067,13240,23127,3941,9959,731,-0.21074517142172858,0.9716060738055037,0.7868234916614719,-0.12347737115823793,1.1243899280392238,0.06766620308663253,0
201,Retail,Lisbon,4484,14399,24708,3549,14235,1681,-0.11498067829486819,1.7524091901773629,0.8593521162820262,0.007341324218177783,1.1428327809286278,0.15439415422022562,0
202,HoReCa,Lisbon,25203,11487,9490,5065,284,6854,0.7367849690332265,-0.37615468329295104,0.23931535995407044,0.42120457399449146,0.27636483411156776,0.8531833378937858,2
203,HoReCa,Lisbon,583,685,2216,469,954,18,-0.2507044937576328,-0.4287389970574871,-0.26177960702872727,-0.2813871354544199,-0.3390089662318431,-0.6694526312313408,1
204,HoReCa,Lisbon,1956,891,5226,1383,5,1328,-0.31606240870330227,-0.4323831649611138,-0.25007922660316806,-0.24302924230022888,-0.355616286816307,-0.5964675471590706,1
205,Retail,Lisbon,1107,11711,23596,955,9265,710,-0.25329762824082824,0.8349227661383956,0.7719197020620457,-0.203512780640223,1.1128785402030443,-0.09412052430901506,0
206,HoReCa,Lisbon,6373,780,950,878,288,285,-0.2805322659744499,-0.41574378937689144,-0.3364188326737271,-0.1576894162898189,-0.5681218183581827,-0.4553509207811658,1
207,Retail,Lisbon,2541,4737,6089,2946,5316,120,-0.3028868258886471,-0.35197352836874357,0.03445510899070866,-0.30210848305857424,0.3374341673588881,-0.599412340265855,0
208,HoReCa,Lisbon,1537,3748,5838,1859,3381,806,-0.31293216280207586,-0.4086014581617628,-0.07460220394557104,-0.3301266570623958,0.09936613299069647,-0.7978317747787168,1
209,Retail,Lisbon,5550,12729,16767,864,12420,797,-0.24731266346900102,0.8740761275227058,0.7574743627262753,-0.1520613161713505,1.0912672020760852,0.009986998548040112,0
210,HoReCa,Lisbon,18567,1895,1393,1801,244,2100,-0.2998101594133869,-0.4384556424627982,-0.2922579450238183,0.18178290537901462,-0.6723250657573943,0.36605701731772883,2
211,Retail,Lisbon,12119,28326,39694,4736,19410,2870,0.6024137072628275,5.800569513047755,0.6149856994173131,0.3175071227331407,1.1532353989880133,0.369233789969751,0
212,HoReCa,Lisbon,7291,1012,2062,1291,240,1775,-0.3179070032558037,-0.42450634413519034,-0.3117953630378343,-0.12248770091759764,-0.5796759948851279,-0.3550537466547169,1
213,HoReCa,Lisbon,3317,6602,6861,1329,3961,1215,-0.3122791820123281,-0.3436418292347057,0.04503388060087122,-0.33002537764638423,0.49020536013560356,-0.7425799292589751,0
214,Retail,Lisbon,2362,6551,11364,913,5957,791,-0.30359201564591887,-0.1691638755498128,0.26586407617535945,-0.3688552851507421,0.8383233378532864,-0.5298286645421151,0
215,HoReCa,Lisbon,2806,10765,15538,1374,5828,2388,-0.22390516751597955,0.10249411579598805,0.4940830172915699,-0.28985580411576223,1.1064190909578602,-0.16193210108404593,0
216,Retail,Lisbon,2532,16599,36486,179,13308,674,-0.14481932161561367,2.7686105923795696,0.8188342019186156,0.11158917354409773,1.1390239408813905,0.08457074232392067,0
217,HoReCa,Lisbon,18044,1475,2046,2532,130,1158,-0.31367883295221755,-0.4371631610887189,-0.3197226253959094,0.17209349319336367,-0.7611033417644157,0.32292659742438895,2
218,Retail,Lisbon,18,7504,15205,1285,4797,6372,0.17619489219085727,-0.10599152349694409,0.4198136688559773,-0.12044498534326928,0.7544789819835662,-0.023527539845811365,0
219,HoReCa,Lisbon,4155,367,1390,2306,86,130,-0.28428976732414396,-0.4079168994456385,-0.3374905920483421,-0.16061267470957072,-0.5687787150694904,-0.4771726389665568,1
220,HoReCa,Lisbon,14755,899,1382,1765,56,749,-0.3107927413755549,-0.4246769753660474,-0.34960734374127034,0.06362427292925256,-0.7545718019342867,0.03273244639500449,1
221,HoReCa,Lisbon,5396,7503,10646,91,4167,239,-0.29648542310893594,-0.2503419237405358,0.16450438338649834,-0.3349106875022388,0.6946544564301754,-0.5369351169322306,0
222,HoReCa,Lisbon,5041,1115,2856,7496,256,375,-0.3026086994952002,-0.4341308663683469,-0.2572173785069173,0.030339938007267562,-0.48599596571488546,-0.09218928480720556,1
223,Retail,Lisbon,2790,2527,5265,5612,788,1360,-0.29909809277996263,-0.4463787606575813,-0.20095736413443938,-0.11763541551527519,-0.3317315239880591,-0.32248919050991215,1
224,HoReCa,Lisbon,7274,659,1499,784,70,659,-0.2965044110252159,-0.41595353675048335,-0.3382839723838871,-0.1390589457239331,-0.5923610281414082,-0.4125901257632007,1
225,HoReCa,Lisbon,12680,3243,4157,660,761,786,-0.3125201429584756,-0.44668576765794343,-0.25471732626166155,-0.06962588081623003,-0.5605334727136598,-0.17841157776212802,1
226,Retail,Lisbon,20782,5921,9212,1759,2568,1553,-0.28393550296987946,-0.3476914217823208,-0.004830605621607525,0.12698496774479928,0.1329273441343159,0.857178139137223,2
227,HoReCa,Lisbon,4042,2204,1563,2286,263,689,-0.3109438746530282,-0.4259240554905855,-0.3098606824243541,-0.18245580409875367,-0.5354552008010545,-0.5179441841464488,1
228,HoReCa,Lisbon,1869,577,572,950,4762,203,-0.264657218825961,-0.43846596778620256,-0.15178319286387235,-0.2733727622526451,-0.13055924098222302,-0.5950191424120798,1
229,HoReCa,Lisbon,8656,2746,2501,6845,694,980,-0.29111075967837297,-0.4485806254908479,-0.25602133660631005,0.06712599071412109,-0.5514546450562791,0.07100006138114913,1
230,Retail,Lisbon,11072,5989,5615,8321,955,2137,-0.15267651175365132,-0.45316401311640553,-0.09048357928508863,0.16976567984697644,-0.17683637187318343,0.4733125592431221,2
231,HoReCa,Lisbon,2344,10678,3828,1439,1566,490,-0.31413909830360925,-0.38704622271910993,-0.013020790546435694,-0.27596515352459294,0.20444983482959228,-0.5163374815235823,1
232,HoReCa,Lisbon,25962,1780,3838,638,284,834,-0.31029201028194014,-0.45167295052331746,-0.21892382029034346,0.3197891694547752,-0.48469216089871425,0.5482666357857147,2
233,HoReCa,Lisbon,964,4984,3316,937,409,7,-0.28857731749555354,-0.4428681126939163,-0.20158208998866764,-0.2972876186235745,-0.21456853452728344,-0.691840945299918,1
234,HoReCa,Lisbon,15603,2703,3833,4260,325,2563,-0.24068949613911378,-0.455267769636441,-0.24218971033538908,0.16780929077758874,-0.6453219304917316,0.4910920938924904,2
235,HoReCa,Lisbon,1838,6380,2824,1218,1216,295,-0.30656896955055146,-0.4368826683289276,-0.16140791764801854,-0.2942109661275693,-0.12927279600797528,-0.6864091903181624,1
236,HoReCa,Lisbon,8635,820,3047,2312,415,225,-0.2973170712794869,-0.43442577134575494,-0.32672597885260324,-0.09637561812418899,-0.6499483625951311,-0.33058036942470725,1
237,HoReCa,Lisbon,18692,3838,593,4634,28,1215,-0.2917516199739618,-0.4415677612485423,-0.28913961347302214,0.25981762714809153,-0.7201730603772531,0.5185874330461431,2
238,HoReCa,Lisbon,7363,475,585,1112,72,216,-0.2789244807700074,-0.4065673243434386,-0.35328289427807313,-0.12231666233606417,-0.6168923602685786,-0.392434356911741,1
239,HoReCa,Lisbon,47493,2567,3779,5243,828,2253,-0.13791978149057862,-0.46344592566263765,0.104467653542227,0.7899654664903881,-0.22763899089195685,1.0372293128418197,2
240,HoReCa,Lisbon,22096,3575,7041,11422,343,2564,0.019547545617619854,-0.49291944947756194,-0.009632696988548553,0.5266031345934666,-0.19764709288584,0.8477095787685671,2
241,HoReCa,Lisbon,24929,1801,2475,2216,412,1047,-0.3098141414493123,-0.44778997409683646,-0.2514838846670361,0.3441428148093644,-0.5898035570727485,0.6153098951874885,2
242,HoReCa,Lisbon,18226,659,2914,3752,586,578,-0.31104168659116527,-0.44313981407215286,-0.309984822157878,0.19853870632757492,-0.745974400381522,0.367714769604116,2
243,HoReCa,Lisbon,11210,3576,5119,561,1682,2398,-0.29970394357934954,-0.4354538239360609,-0.16198365559671252,-0.1032489122009078,-0.2845084877410683,-0.16244516540307266,1
244,HoReCa,Lisbon,6202,7775,10817,1183,3143,1970,-0.28349293054035374,-0.2736753039786495,0.1410485869535483,-0.26891334982491333,0.8385841247557096,-0.41766669097654646,0
245,Retail,Lisbon,3062,6154,13916,230,8933,2784,-0.2570512640067118,0.10833746805286452,0.493189711402255,-0.28171765092959294,0.9707709367600967,-0.1887147657624041,0
246,HoReCa,Lisbon,8885,2428,1777,1777,430,610,-0.31015767892617385,-0.4355596318573909,-0.3200056229006446,-0.10545813687846058,-0.6531311468261449,-0.34421112680290056,1
247,HoReCa,Lisbon,13569,346,489,2077,44,659,-0.30765613022635896,-0.4099817048954826,-0.36742649159836205,0.05174608074024176,-0.7656861347274511,-0.02592722047587735,1
248,HoReCa,Lisbon,15671,5279,2406,559,562,572,-0.31212759420293557,-0.4453136840536522,-0.24279376914310766,0.014594083101942396,-0.5078678605800039,0.057873654093068105,1
249,HoReCa,Lisbon,8040,3795,2070,6340,918,291,-0.30634847147316746,-0.44792942486533543,-0.2508647092007895,0.018173005188572674,-0.5182810145462845,-0.03835826167848598,1
250,HoReCa,Lisbon,3191,1993,1799,1730,234,710,-0.30749173440422206,-0.42498280872810307,-0.3020132598654793,-0.2115522961554468,-0.4879973032344804,-0.567902275859826,1
251,Retail,Lisbon,6134,23133,33586,6746,18594,5121,0.9094850296112599,4.194523790813686,0.6691164888478115,0.2814598986810512,1.137994708359249,0.3465214480089537,0
252,HoReCa,Lisbon,6623,1860,4740,7683,205,1693,-0.2537516223809358,-0.45479738484451365,-0.21105973745772685,0.07158244671400586,-0.4194826384238018,0.07855046373109671,1
253,HoReCa,Lisbon,29526,7961,16966,432,363,1391,-0.25867695910009875,-0.2200416750056717,0.18000002485414662,0.32033637722471364,0.3036705562843529,0.7772690762746232,2
254,HoReCa,Lisbon,10379,17972,4748,4686,1547,3265,0.04800964206641513,-0.22808303300222016,0.24093270943274442,0.07485480758697573,0.4767447516241109,0.3569227233862336,0
255,HoReCa,Lisbon,31614,489,1495,3242,111,615,-0.303716747094175,-0.43951527303619853,-0.19569119704404578,0.5402541965238918,-0.5390075322532067,0.7302206284829811,2
256,HoReCa,Lisbon,11092,5008,5249,453,392,373,-0.30673250772032223,-0.44289187856503187,-0.20926120449005198,-0.1259146770732138,-0.3821959536749005,-0.2988959726288301,1
257,HoReCa,Lisbon,8475,1931,1883,5004,3593,987,-0.3102946072377713,-0.4433059102377333,-0.20163619286129772,-0.04793852611254871,-0.4021457427263102,-0.11800008056732021,1
258,HoReCa,Lisbon,56083,4563,2124,6422,730,3321,0.10250733547554236,-0.47028382939798763,0.2287823252017013,0.7775530836119143,-0.1628704555941441,1.0778692468338578,2
259,HoReCa,Lisbon,53205,4959,7336,3012,967,818,-0.23061074404038845,-0.4012207315660234,0.19119190697330116,0.7427004582974757,-0.09352744079507005,1.0035735458937043,2
260,HoReCa,Lisbon,9193,4885,2157,327,780,548,-0.3076466433683713,-0.44419209134365273,-0.246606204299109,-0.15583282473957694,-0.42882431566627505,-0.4023399908508338,1
261,HoReCa,Lisbon,7858,1110,1094,6818,49,287,-0.30514508014294955,-0.41868953423035415,-0.30677748459723253,0.07204623563722751,-0.6155703943926605,-0.02407988569791365,1
262,HoReCa,Lisbon,23257,1372,1677,982,429,655,-0.3083081723038838,-0.4425659742280274,-0.27610035835569424,0.26352446126186,-0.5983790011843196,0.42043529453578615,2
263,HoReCa,Lisbon,2153,1115,6684,4324,2894,411,-0.3096408254695049,-0.4297807416749701,-0.13595858207711095,-0.22120956859046106,-0.12708378818833854,-0.5301142301345837,1
264,Retail,Lisbon,1073,9679,15445,61,5980,1265,-0.28993901169022335,0.06225424221422935,0.46772135827090383,-0.35917660465770657,1.0165863828838952,-0.36168290664803554,0
265,HoReCa,Lisbon,5909,23527,13699,10155,830,3636,0.5640414617630355,0.12878816974897656,0.4490519268277877,0.20840026860116523,0.6307447859594292,0.40346784918997985,0
266,Retail,Lisbon,572,9763,22182,2221,4882,2563,-0.19163396807699767,0.24569284967645807,0.5727583064433429,-0.23373218574193905,1.0322554849906114,-0.09417391606309805,0
267,HoReCa,Lisbon,20893,1222,2576,3975,737,3628,-0.16469318754507528,-0.4617826956138559,-0.19777395874056627,0.3281190694068161,-0.48173480393655216,0.6669117174377436,2
268,Retail,Lisbon,11908,8053,19847,1069,6374,698,-0.2796894668953499,0.21898901299148824,0.5029391384975308,-0.16322930980187206,1.029451973164325,0.15140303999570637,0
269,HoReCa,Lisbon,15218,258,1138,2516,333,204,-0.29861590978931324,-0.4229552015457576,-0.35430943163917583,0.0928224237904133,-0.7561135833037496,0.06445335715384226,1
270,HoReCa,Lisbon,4720,1032,975,5500,197,56,-0.30422007031073783,-0.4131395761861641,-0.31647445398954543,-0.045985377415556423,-0.5808961495440829,-0.2608567209564301,1
271,HoReCa,Lisbon,2083,5007,1563,1120,147,1550,-0.3184913211263476,-0.4345626801718304,-0.22889596211897748,-0.24312516809181864,-0.30298741848933214,-0.583104616783967,1
272,HoReCa,Lisbon,514,8323,6869,529,93,1040,-0.31646917057556617,-0.41207047411099584,-0.046364541563918595,-0.31760309214399135,0.14454654241797985,-0.6306363917792027,1
273,HoReCa,Other,36817,3045,1493,4802,210,1824,-0.22138241898048153,-0.45713789762002915,-0.07447564246769915,0.6878135359726497,-0.3895391120647445,0.951002612550262,2
274,HoReCa,Other,894,1703,1841,744,759,1153,-0.3095417296208512,-0.4264235581064769,-0.26018272426348876,-0.27101116026935823,-0.34732141148243917,-0.6526842234280258,1
275,HoReCa,Other,680,1610,223,862,96,379,-0.28078666734779245,-0.40520556706560873,-0.2996201081265349,-0.24541395236429622,-0.42762570441522313,-0.615821529551626,1
276,HoReCa,Other,27901,3749,6964,4479,603,2503,-0.1869704706055855,-0.44762624184428534,-0.09017272570737248,0.4780695592070957,-0.27814177815229024,1.0188084618607574,2
277,HoReCa,Other,9061,829,683,16919,621,139,-0.13967858908327407,-0.47114429974024996,0.05859877383130221,0.41284231924595155,-0.26296602278913506,0.3519491992013876,2
278,HoReCa,Other,11693,2317,2543,5845,274,1409,-0.2864932116553954,-0.4455390179478007,-0.28734834967648054,0.11348990278247298,-0.6946218480416088,0.2076877714272207,2
279,Retail,Other,17360,6200,9694,1293,3620,1721,-0.284740442768915,-0.2989220013103084,0.06163807047534302,-0.0019335741364832574,0.5116506039509308,0.6241113802738135,2
280,HoReCa,Other,3366,2884,2431,977,167,1104,-0.31493280167151905,-0.4327456528365179,-0.2728207295737605,-0.23257013361384196,-0.4171475359102311,-0.5939857504811055,1
281,Retail,Other,12238,7108,6235,1093,2328,2079,-0.28413004686017634,-0.3822310747788777,-0.044171176027214445,-0.10266621612591477,0.14876709501423802,-0.0005987060623449367,1
282,HoReCa,Other,49063,3965,4252,5970,1041,1404,-0.16618297399055593,-0.44916378453428785,0.13418822311223494,0.7940036171085032,-0.19098477493697186,1.0502408553035445,2
283,HoReCa,Other,25767,3613,2013,10303,314,1384,-0.14844048772618387,-0.4763113682320631,-0.09472741994323558,0.5825537639372904,-0.3919033206707445,0.8441473015641753,2
284,HoReCa,Other,68951,4411,12609,8692,751,2406,0.20115310262392022,-0.35384268478346115,0.3490398330702993,0.6466273563430684,-0.006435035133445229,1.1186139335740115,2
285,HoReCa,Other,40254,640,3600,1042,436,18,-0.29096823486583406,-0.45845175983482434,-0.04120074014193472,0.6201870575471674,-0.3421530962515588,0.762094676421941,2
286,HoReCa,Other,7149,2247,1242,1619,1226,128,-0.29088981848443046,-0.43931375585097565,-0.3011150056162164,-0.15909945933939443,-0.5422523264981245,-0.4601521917206646,1
287,HoReCa,Other,15354,2102,2828,8366,386,1027,-0.2587028209765329,-0.45681579013321316,-0.22852859341070297,0.2928319073270775,-0.5443392089972957,0.48575702502535306,2
288,HoReCa,Other,16260,594,1296,848,445,258,-0.2896099540059436,-0.4312585630171942,-0.3333590138974105,0.07026598676502191,-0.6727206862239875,0.03384249186013104,1
289,HoReCa,Other,42786,286,471,1388,32,22,-0.2899269979901463,-0.43892533387897525,-0.0258862166806589,0.6637014522275256,-0.40186338234092944,0.7597791913283869,2
290,HoReCa,Other,2708,2160,2642,502,965,1522,-0.3169869008534517,-0.4352564103597072,-0.24201600007410573,-0.25887300453622253,-0.3272679213086971,-0.6267451102265871,1
291,HoReCa,Other,6022,3354,3261,2507,212,686,-0.31552748942773157,-0.44068473428444005,-0.28148831339028774,-0.1599278674234193,-0.5528072197386007,-0.478570060372873,1
292,HoReCa,Other,2838,3086,4329,3838,825,1060,-0.3155216997661179,-0.4422952856740086,-0.22685733686850187,-0.1909384623189354,-0.3813325141405525,-0.5336908398558242,1
293,Retail,Porto,3996,11103,12469,902,5952,741,-0.29217744008409213,0.006975785530023302,0.4066936971532776,-0.32148485884115985,1.0172776927652474,-0.28866521440285886,0
294,HoReCa,Porto,21273,2013,6550,909,811,1854,-0.30459208979767854,-0.44573384567535124,-0.1847876746743325,0.18715682921774457,-0.4105438885939985,0.5322166581846709,2
295,Retail,Porto,7588,1897,5234,417,2208,254,-0.2851045471634326,-0.4423540685917429,-0.198201051805384,-0.22359328273667595,-0.2815940884995109,-0.5610662160377985,1
296,HoReCa,Porto,19087,1304,3643,3045,710,898,-0.31240338983932164,-0.44870365419492536,-0.2855666723311817,0.19405087823752748,-0.7170561951229482,0.4360765911399175,2
297,Retail,Porto,8090,3199,6986,1455,3712,531,-0.3067578710383111,-0.39634672188229547,-0.07911290014710509,-0.2296730936646904,0.04052594834961605,-0.5972135704297661,1
298,Retail,Porto,6758,4560,9965,934,4538,1037,-0.31017818313556705,-0.30320584766227227,0.08581080806989347,-0.2896310015566816,0.6179558520240053,-0.5633892876545614,0
299,HoReCa,Porto,444,879,2060,264,290,259,-0.2636272381478373,-0.4193763842649712,-0.27495670383250626,-0.27413865224110545,-0.36543614221168175,-0.6564912695521128,1
300,Retail,Porto,16448,6243,6360,824,2662,2005,-0.28748466999154443,-0.38143280698462567,-0.050060046679551475,-0.001651177303100607,0.051463945608575305,0.4215357179792829,2
301,Retail,Porto,5283,13316,20399,1809,8752,172,-0.255825501751853,0.6940444688787274,0.7219992246045176,-0.1903035346405215,1.1150820869527946,0.007464273120126982,0
302,Retail,Porto,2886,5302,9785,364,6236,555,-0.29673262047463517,-0.22697402228449393,0.2059687273600648,-0.3672537654602749,0.6900687112541432,-0.5665517051464751,0
303,Retail,Porto,2599,3688,13829,492,10069,59,-0.2617269898182297,0.07254960427252032,0.45003067071055125,-0.2885252698864739,0.7961912787761706,-0.29629776733810853,0
304,Retail,Porto,161,7460,24773,617,11783,2410,-0.2197851236293683,0.9748449699343031,0.7767091413092353,-0.1385151750172375,1.0736756268580052,-0.06364079831886935,0
305,Retail,Porto,243,12939,8852,799,3909,211,-0.3016349046524347,-0.17219334977860815,0.2743213301537601,-0.33904631296074317,0.7158428849490933,-0.4597803580071116,0
306,Retail,Porto,6468,12867,21570,1840,7558,1543,-0.21009177340021123,0.6279404208248829,0.7111763279155694,-0.17535541893030354,1.1623273507654819,0.09421420451519555,0
307,HoReCa,Porto,17327,2374,2842,1149,351,925,-0.31463113195942416,-0.44538167611061386,-0.2927731964321037,0.09403446858760528,-0.6690218084401479,0.19385213849782618,2
308,HoReCa,Porto,6987,1020,3007,416,257,656,-0.29601452331062006,-0.4322603949850569,-0.30605303291085834,-0.1728340405533567,-0.5189455135166293,-0.46815378898772875,1
309,Retail,Porto,918,20655,13567,1465,6846,806,-0.2209885233914156,0.5451473798263965,0.6405585471650589,-0.15425378393200276,0.9931804792692726,-0.06913694644049569,0
310,HoReCa,Porto,7034,1492,2405,12569,299,1117,-0.18711377731222198,-0.46321086828547364,-0.09507509960563976,0.2835664909776698,-0.3128221748594222,0.2608908564633641,2
311,HoReCa,Porto,29635,2335,8280,3046,371,117,-0.30192069258993853,-0.4465254383849536,-0.11618558483745813,0.44344667600233917,-0.3192085451193836,0.7930297003694691,2
312,Retail,Porto,2137,3737,19172,1274,17120,142,-0.23508929490201175,1.0284521584232962,0.6742612855946695,-0.020039201957756943,0.8909160407858937,-0.0614418961135854,0
313,HoReCa,Porto,9784,925,2405,4447,183,297,-0.3090753177192883,-0.4294738405450298,-0.335183402802014,0.010218028874277895,-0.7192331356070806,-0.10429377089029805,1
314,HoReCa,Porto,10617,1795,7647,1483,857,1233,-0.3168867065698666,-0.44047608603974986,-0.20679247941781584,-0.10796580166336413,-0.4569110654487578,-0.25890377195854186,1
315,Retail,Porto,1479,14982,11924,662,3891,3508,-0.10987290861306846,-0.0009696691040103114,0.4394254653958862,-0.22349822226973873,0.9043535177851381,-0.12062724542745389,0
316,HoReCa,Porto,7127,1375,2201,2679,83,1059,-0.31655110220024596,-0.4257157978938133,-0.33007914265387917,-0.10160840578785572,-0.6652328940847245,-0.3443341307738482,1
317,HoReCa,Porto,1182,3088,6114,978,821,1637,-0.3183863171220541,-0.4367603397920012,-0.1613306988677935,-0.29993766217441803,-0.12875578170180285,-0.7017269707194138,1
318,HoReCa,Porto,11800,2713,3558,2121,706,51,-0.3004596453021611,-0.44818104702012546,-0.2898139938598093,-0.05133583613838805,-0.6562242638040712,-0.18436871672425365,1
319,Retail,Porto,9759,25071,17645,1128,12408,1625,-0.034870349998836134,1.8310190658069387,0.7798549795525415,0.08519116850213375,1.0905597610204618,0.23459112355072198,0
320,HoReCa,Porto,1774,3696,2280,514,275,834,-0.30794867799236797,-0.4354551831583782,-0.244547708346594,-0.2745939609789917,-0.31668962986504795,-0.6583294268157115,1
321,HoReCa,Porto,9155,1897,5167,2714,228,1113,-0.31678646592800314,-0.4441415010357575,-0.2794495044492584,-0.08333335751855524,-0.6645996830197572,-0.2684999839766265,1
322,HoReCa,Porto,15881,713,3315,3703,1470,229,-0.30701800653677325,-0.4488734171566109,-0.291588281526039,0.11015509134198663,-0.702281506217957,0.21324857286927582,2
323,HoReCa,Porto,13360,944,11593,915,1679,573,-0.3045489970441075,-0.4107301522349845,-0.09814855536931202,-0.08041427625278887,-0.08822732469499633,-0.042209826993399806,1
324,HoReCa,Porto,25977,3587,2464,2369,140,1092,-0.30372918141500926,-0.4491888866479734,-0.22231826911666644,0.3751513587389954,-0.5344033333590473,0.697817610265849,2
325,HoReCa,Porto,32717,16784,13626,60869,1272,5609,8.367819048721493,-1.4859424122228968,0.38259865014785543,0.33131808436904026,0.1525813118884602,0.7078871237963965,2
326,HoReCa,Porto,4414,1610,1431,3498,387,834,-0.3149445425625136,-0.42293934656016513,-0.31712299577915426,-0.1333808990757328,-0.583667784201998,-0.420678203890733,1
327,HoReCa,Porto,542,899,1664,414,88,522,-0.27940886217063887,-0.41181497542183665,-0.28619698342166855,-0.26242553781260464,-0.3932001199473711,-0.6382144645970454,1
328,HoReCa,Porto,16933,2209,3389,7849,210,1534,-0.23609768611778295,-0.460326151808715,-0.22439953361376927,0.3201764370671044,-0.555866175086639,0.5895725940776328,2
329,HoReCa,Porto,5113,1486,4583,5127,492,739,-0.3124832413115553,-0.44223511780887775,-0.264291238466727,-0.08595117845676696,-0.5118131843150716,-0.28813415230066297,1
330,HoReCa,Porto,9790,1786,5109,3570,182,1043,-0.31457754508467256,-0.44503017557956676,-0.284645214347013,-0.0382189711169711,-0.7049492664130241,-0.14609796263354194,1
331,Retail,Porto,11223,14881,26839,1234,9606,1102,-0.17836927070373143,1.3303387816337027,0.8246891499047052,-0.030346582755063228,1.1417085513173943,0.24248097545472447,0
332,HoReCa,Porto,22321,3216,1447,2208,178,2602,-0.2581957881050809,-0.4484373417469666,-0.23398845719572936,0.30156269864346164,-0.5528001364520121,0.6188578310834184,2
333,Retail,Porto,8565,4980,67298,131,38102,1215,0.20830784131153823,12.286868457240582,0.38848230518615584,0.3335094717297093,1.0109521748306196,0.20874710170997632,0
334,Retail,Porto,16823,928,2743,11559,332,3486,0.06250324884847144,-0.49701143389382013,-0.0713500516990662,0.4570859315303515,-0.3280744978996025,0.6292655661978208,2
335,Retail,Porto,27082,6817,10790,1365,4111,2139,-0.23390380320258763,-0.22586189955028005,0.14856030158980016,0.26888012706245235,0.38044754433304645,0.9367443168209797,2
336,HoReCa,Porto,13970,1511,1330,650,146,778,-0.30747692945208815,-0.4298730238807218,-0.33327887790991445,0.009273283380541057,-0.6757321934083563,-0.07042865977860005,1
337,HoReCa,Porto,9351,1347,2611,8170,442,868,-0.28227198361558964,-0.44490625278461576,-0.24866566495721262,0.14862160245263478,-0.5256453398500696,0.16855655593988644,2
338,HoReCa,Porto,3,333,7021,15601,15,550,-0.1655637837548937,-0.48478148330583276,0.06758141687785504,0.2756200184361677,-0.13315520956455187,0.14959856387358408,2
339,HoReCa,Porto,2617,1188,5332,9584,573,1942,-0.21195571600152863,-0.4621345353643128,-0.12809944792977157,0.0845156674620018,-0.2425561028494275,0.03697099597884277,1
340,Retail,Other,381,4025,9670,388,7271,1371,-0.3066206823598763,-0.20463393620563045,0.2500062923846663,-0.371287039908741,0.6835234980278404,-0.5356175479966186,0
341,Retail,Other,2320,5763,11238,767,5162,2158,-0.2934875034239339,-0.2222864405698666,0.22451772640502424,-0.3480449442223308,0.811524024933455,-0.5078456320568409,0
342,HoReCa,Other,255,5758,5923,349,4595,1328,-0.3134157904364032,-0.3518211227957636,0.06170889687259245,-0.3829884854025294,0.4259572607924377,-0.7410227377666561,0
343,Retail,Other,1689,6964,26316,1456,15469,37,-0.22773646922570268,1.4896270339412898,0.7743403328707787,-0.0175162052833661,1.0142972919430704,-0.023234001140344622,0
344,HoReCa,Other,3043,1172,1763,2234,217,379,-0.2972256780401576,-0.4186362993880382,-0.3156145798528265,-0.19495749906063697,-0.5159748690215459,-0.5402129782351112,1
345,HoReCa,Other,1198,2602,8335,402,3843,303,-0.28264552554559025,-0.38687334454044725,-0.008446412447899574,-0.3708131582428596,0.2355566862685773,-0.75385893619675,1
346,Retail,Other,2771,6939,15541,2693,6600,1115,-0.2893151173084051,0.007914967225269652,0.4120625147244095,-0.3050797609754292,1.0079491095698638,-0.25208941459646866,0
347,Retail,Other,27380,7184,12311,2809,4621,1022,-0.2600896816167982,-0.15915206508798105,0.1886513798995622,0.27897820408331186,0.439912044201972,0.9591966048387215,2
348,HoReCa,Other,3428,2380,2028,1341,1184,665,-0.30521439756817015,-0.43735887267024,-0.2667115388738503,-0.2417097372046382,-0.40727702945518324,-0.6286880278834233,1
349,Retail,Other,5981,14641,20521,2005,12218,445,-0.22305622368239678,1.193771730269611,0.8174692444059083,-0.09484648886577679,1.1250459185179407,0.08568602617229065,0
350,HoReCa,Other,3521,1099,1997,1796,173,995,-0.3118500283205357,-0.4189547532298739,-0.31178523297485367,-0.1941812163728895,-0.5170752112349333,-0.5307460752970893,1
351,Retail,Other,1210,10044,22294,1741,12638,3137,-0.12634714984018316,1.0818295822604869,0.8028238958137207,-0.10401240024214108,1.1156656328340766,0.023474132175757233,0
352,HoReCa,Other,608,1106,1533,830,90,195,-0.26943688774216784,-0.4133125867035309,-0.2914188509462308,-0.25606786857931846,-0.40828664414354376,-0.6339544220161566,1
353,Retail,Other,117,6264,21203,228,8682,1111,-0.2816496384010105,0.37880319168619553,0.6247199924063828,-0.28418521426904036,0.9994307732371106,-0.2376061236776292,0
354,HoReCa,Other,14039,7393,2548,6386,1333,2341,-0.16932563976879822,-0.4459150321027762,-0.12273315697433104,0.1750866246840547,-0.27827981681197544,0.584916160996953,2
355,HoReCa,Other,190,727,2012,245,184,127,-0.25365356930372496,-0.4164644482169762,-0.276507784606687,-0.2727669294643787,-0.36805301506196214,-0.6546279942664647,1
356,HoReCa,Other,22686,134,218,3157,9,548,-0.30852973990463356,-0.4156156315869899,-0.3181119209770962,0.326922581157843,-0.719045171132775,0.45381813405660854,2
357,Retail,Other,37,1275,22272,137,6747,110,-0.25642856930480806,0.0621730367043917,0.4475054900094143,-0.26791818506096077,0.7352268027722351,-0.31707422478162145,0
358,HoReCa,Other,759,18664,1660,6114,536,4100,0.18993438235373178,-0.33555051886047305,0.23133687775790246,0.0509950292320801,0.3566824859020041,0.10082361553947569,0
359,HoReCa,Other,796,5878,2109,340,232,776,-0.3111285174691944,-0.43771018707988035,-0.1934696965797693,-0.29411550516941465,-0.19135297809949084,-0.6632464879611909,1
360,HoReCa,Other,19746,2872,2006,2601,468,503,-0.3119473614168288,-0.4465450872105984,-0.2906766406627485,0.19973767215865204,-0.6949081513247747,0.40484271671930067,2
361,HoReCa,Other,4734,607,864,1206,159,405,-0.28640477654554536,-0.4078495703397509,-0.3363467845121679,-0.17549078548584626,-0.5543035346198821,-0.49497754712462283,1
362,HoReCa,Other,2121,1601,2453,560,179,712,-0.29635603121106996,-0.42584476362762186,-0.28103183334601156,-0.25423300720587894,-0.3997542605357341,-0.6264557320452168,1
363,HoReCa,Other,4627,997,4438,191,1335,314,-0.2761332739793102,-0.4438055147904457,-0.2399318998339395,-0.2552717076829669,-0.32819005255193345,-0.6200164649343595,1
364,HoReCa,Other,2615,873,1524,1103,514,468,-0.2875881097921057,-0.4189381707183889,-0.3036301595443602,-0.22913509848645855,-0.4594658284257086,-0.591042073372775,1
365,Retail,Other,4692,6128,8025,1619,4515,3105,-0.2386966834387036,-0.30964451324467446,0.12497117309439322,-0.25326161800048214,0.6521952462450777,-0.33762217533472505,0
366,HoReCa,Other,9561,2217,1664,1173,222,447,-0.3017238550217136,-0.4332335492985218,-0.3268130427825519,-0.09976601363402333,-0.6356023470953593,-0.3243201528089333,1
367,HoReCa,Other,3477,894,534,1457,252,342,-0.285892301506997,-0.40726212865992906,-0.32894396296182987,-0.1929485661316725,-0.5268160051379535,-0.5306154986099323,1
368,HoReCa,Other,22335,1196,2406,2046,101,558,-0.3097715898292661,-0.44143979312192,-0.2926491286774128,0.2680768506858819,-0.6601864363766895,0.44686772987376655,2
369,HoReCa,Other,6211,337,683,1089,41,296,-0.28016141359566576,-0.40362364545563384,-0.349218968075168,-0.1442068611657993,-0.5935250425258285,-0.43548468349735503,1
370,Retail,Other,39679,3944,4955,1364,523,2235,-0.235813114898578,-0.4441022678662519,0.009893856468712058,0.6414611158845648,-0.20316323983239354,0.9260991686237974,2
371,HoReCa,Other,20105,1887,1939,8164,716,790,-0.26531480146210545,-0.45657441804638266,-0.21934601055971878,0.39712998276658623,-0.5541130588192147,0.6389593069170735,2
372,HoReCa,Other,3884,3801,1641,876,397,4829,-0.14988522742451568,-0.4529868665698709,-0.1129005774072615,-0.0955082300044551,-0.12174898497729188,-0.17717387407652027,1
373,Retail,Other,15076,6257,7398,1504,1916,3113,-0.21492410553476443,-0.3908833817140204,-0.02838985946084094,0.015442731315034593,0.11867552358515165,0.4760758663534387,2
374,HoReCa,Other,6338,2256,1668,1492,311,686,-0.3084788731549801,-0.43031762953823,-0.3151489194749099,-0.16221546605178533,-0.5721769877713146,-0.4696859403896411,1
375,HoReCa,Other,5841,1450,1162,597,476,70,-0.26981890654326957,-0.42664704392496716,-0.3165570641916396,-0.18578933810241713,-0.5111954695120755,-0.5034719702684689,1
376,Retail,Other,3136,8630,13586,5641,4666,1426,-0.2387549169408882,-0.13185411706876096,0.2988264446887601,-0.1972366902850808,0.8756532066049265,-0.07314671425666247,0
377,HoReCa,Other,38793,3154,2648,1034,96,1242,-0.29182745345122374,-0.45135060726974163,-0.05118289420935102,0.6220647414951912,-0.3213177753085321,0.8279596517900469,2
378,HoReCa,Other,3225,3294,1902,282,68,1114,-0.31249707437556407,-0.43136432932872004,-0.2658642142496619,-0.24269542843678774,-0.3791084614400015,-0.5934955578846275,1
379,Retail,Other,4048,5164,10391,130,813,179,-0.2952087060599951,-0.4043347745425529,-0.04578742914998091,-0.30643066881406683,0.14897729492938408,-0.6221153874050599,1
380,HoReCa,Other,28257,944,2146,3881,600,270,-0.3040506179230105,-0.4488468615599184,-0.22277778025874212,0.4663223964724809,-0.559844140674855,0.6994683187226173,2
381,HoReCa,Other,17770,4591,1617,9927,246,532,-0.23340244202175187,-0.46387268743394133,-0.15737501869739043,0.39282844717735416,-0.42418341814872607,0.5878263142571638,2
382,HoReCa,Other,34454,7435,8469,2540,1711,2893,-0.12403340382509631,-0.34856501005336293,0.09032445784232429,0.5364299459061969,0.06771860008186113,1.0543026925543413,2
383,HoReCa,Other,1821,1364,3450,4006,397,361,-0.30805970465172217,-0.43175169089708143,-0.2754480115172382,-0.17857070640231273,-0.44802715794485837,-0.5034970290018208,1
384,HoReCa,Other,10683,21858,15400,3635,282,5120,0.5014491434110941,0.14208093063562974,0.4714324183419104,0.1409814432715637,0.7151098117570304,0.4082085070402828,0
385,HoReCa,Other,11635,922,1614,2583,192,1068,-0.31591917214902654,-0.4247917929703954,-0.34825758124618195,0.006747707903959707,-0.7717294534576524,-0.08743854792198147,1
386,HoReCa,Other,1206,3620,2857,1945,353,967,-0.3167125733392157,-0.4364034722239942,-0.24213607098276071,-0.2579169312727322,-0.3371912720062102,-0.6513574174553886,1
387,HoReCa,Other,20918,1916,1573,1960,231,961,-0.3135998260125838,-0.43985175913376373,-0.2995640674254295,0.23148997447398564,-0.686376644991985,0.417251867243912,2
388,HoReCa,Other,9785,848,1172,1677,200,406,-0.29802771963577734,-0.41970098013510543,-0.35325930760806157,-0.06668224753175978,-0.688155190479836,-0.27137199382656374,1
389,HoReCa,Other,9385,1530,1422,3019,227,684,-0.31336995097986475,-0.4259062118573914,-0.34474045907403233,-0.042489779754901584,-0.7359648920774757,-0.21595663839870816,1
390,HoReCa,Other,3352,1181,1328,5502,311,1000,-0.3103367764577615,-0.4186106239416905,-0.2974439571446742,-0.06928378017722116,-0.5396332180177548,-0.28743272781143486,1
391,HoReCa,Other,2647,2761,2313,907,95,1827,-0.31826095915712616,-0.43003460186569153,-0.2576269488721419,-0.22882073465007524,-0.3745097703729922,-0.5610965457884849,1
392,HoReCa,Other,518,4180,3600,659,122,654,-0.3056827425793603,-0.43919354405878797,-0.2127732054072203,-0.3007966326108256,-0.2352237661386669,-0.7004494644655949,1
393,HoReCa,Other,23632,6730,3842,8620,385,819,-0.20587701612300824,-0.45480638900404247,-0.09371925696265222,0.4731519480517845,-0.3069923447825509,0.8598834246874962,2
394,HoReCa,Other,12377,865,3204,1398,149,452,-0.3014332799988223,-0.43652529999342415,-0.32900456546523804,-0.02638506601830233,-0.6862633784373943,-0.1488409682118524,1
395,HoReCa,Other,9602,1316,1263,2921,841,290,-0.3043145405416416,-0.43199275192376846,-0.3357360752647971,-0.05282827964062002,-0.7004706802166851,-0.23813950670497722,1
396,Retail,Other,4515,11991,9345,2644,3378,2213,-0.22022781825671559,-0.2006557709033447,0.2396794049134597,-0.22836890904482915,0.8477254553506054,-0.16147521459395367,0
397,HoReCa,Other,11535,1666,1428,6838,64,743,-0.29728209965432,-0.43233658869254743,-0.30146544477511883,0.15387648176155277,-0.6657485126168418,0.18735434791944924,2
398,HoReCa,Other,11442,1032,582,5390,74,247,-0.30789513476415953,-0.4161409904387641,-0.344026109044015,0.09910692647973349,-0.7348507557246617,0.049661798249485745,1
399,HoReCa,Other,9612,577,935,1601,469,375,-0.2944875950510725,-0.4196127957763954,-0.35129417606515806,-0.07358286216731788,-0.6732966923213073,-0.2862245511698413,1
400,HoReCa,Other,4446,906,1238,3576,153,1014,-0.31527485595552907,-0.41206243561649347,-0.33002912350429014,-0.1154413765047935,-0.6058255316683692,-0.38390564293739543,1
401,HoReCa,Other,27167,2801,2128,13223,92,1902,0.002962870803781397,-0.5000412337864582,0.008021379735555584,0.6437491405096767,-0.3200043017583253,0.8385421348222313,2
402,HoReCa,Other,26539,4753,5091,220,10,340,-0.30576746137202854,-0.4469483149432065,-0.15603001568185934,0.3033120864740701,-0.3367409664094063,0.5709911012063277,2
403,HoReCa,Other,25606,11006,4604,127,632,288,-0.30112630921305167,-0.37399645033527756,-0.010440105811072992,0.24841530511686738,-0.010234511526488813,0.5751302867974161,2
404,HoReCa,Other,18073,4613,3444,4324,914,715,-0.30273752352812655,-0.44822417744503223,-0.2317150005377923,0.1873184869551544,-0.6548229529763285,0.5727894385723393,2
405,HoReCa,Other,6884,1046,1167,2069,593,378,-0.29836425901972563,-0.42334618727500356,-0.33612590555991056,-0.12928546419558715,-0.6209689456012386,-0.40910183696831726,1
406,HoReCa,Other,25066,5010,5026,9806,1092,960,-0.17661212046596958,-0.4616341947347697,-0.05526025086001318,0.5289210240112914,-0.257765382746975,0.8996625578054166,2
407,Retail,Other,7362,12844,18683,2854,7883,553,-0.248713619790935,0.4996812997024974,0.650503741498609,-0.17726692011684927,1.1270125626033605,0.09898631155950927,0
408,Retail,Other,8257,3880,6407,1646,2730,344,-0.3063420912277723,-0.4163030801388648,-0.1276269262375052,-0.21135193795966037,-0.15426790927305567,-0.6223734374386748,1
409,HoReCa,Other,8708,3634,6100,2349,2123,5137,-0.04588198316300334,-0.44519777869903043,-0.006910901073252018,-0.01702512611204514,0.10220396051105164,0.13858366860079877,2
410,HoReCa,Other,6633,2096,4563,1389,1860,1892,-0.3155381052106354,-0.4395241781185392,-0.20367348542080588,-0.19190023525380712,-0.35228529307795253,-0.5132191063806759,1
411,HoReCa,Other,2126,3289,3281,1535,235,4365,-0.18575798462323576,-0.45074778528224835,-0.12567998690677332,-0.1398139704203571,-0.1230207949990087,-0.268375224302938,1
412,HoReCa,Other,97,3605,12400,98,2970,62,-0.27520898135346605,-0.3432332718334855,0.08406261013859245,-0.3846900944217707,0.3973492161821382,-0.690751051227851,0
413,HoReCa,Other,4983,4859,6633,17866,912,2435,0.2341762719372069,-0.5395503258257344,0.17427928388991187,0.3827359931351666,0.006968068385103001,0.39470420832738556,2
414,HoReCa,Other,5969,1990,3417,5679,1135,290,-0.3101421265607839,-0.4453631881355716,-0.2574765119144204,-0.057619818654345,-0.501235510523405,-0.2236936419555638,1
415,Retail,Other,7842,6046,8552,1691,3540,1874,-0.2936614929836693,-0.33452076662196667,0.04124263596812629,-0.22614222851815663,0.6795503417737887,-0.5639105878835687,0
416,Retail,Other,4389,10940,10908,848,6728,993,-0.2904106223522105,0.003282095714937161,0.40338053004435415,-0.3136638245599423,1.010994654594456,-0.26935423510777795,0
417,HoReCa,Other,5065,5499,11055,364,3485,1063,-0.3102375560364481,-0.3052333677140709,0.09773799667083362,-0.3266947831874124,0.6126212294604697,-0.6264396437730323,0
418,Retail,Other,660,8494,18622,133,6740,776,-0.2875564686415995,0.1903073995219406,0.5416267541994982,-0.3389701883547811,1.008723398414934,-0.3142118745526113,0
419,HoReCa,Other,8861,3783,2223,633,1580,1521,-0.3180002385363226,-0.4421499977000775,-0.2322502930361862,-0.1554102842187368,-0.4328552388072765,-0.40663236976554296,1
420,HoReCa,Other,4456,5266,13227,25,6818,1393,-0.3012356784549295,-0.09327470519009524,0.33316784408323674,-0.33374993065893893,0.8873421107648832,-0.359095915167776,0
421,Retail,Other,17063,4847,9053,1031,3415,1784,-0.2942264227512862,-0.3423998953507103,0.005933982208028792,-0.005150606660772159,0.27625352788110524,0.506562221603641,2
422,HoReCa,Other,26400,1377,4172,830,948,1218,-0.3109266765848971,-0.45221417998617675,-0.19744161268285218,0.3324485818559772,-0.4446824981858614,0.6097190358212854,2
423,Retail,Other,17565,3686,4657,1059,1803,668,-0.3118085520767553,-0.4396868068263909,-0.19954496224366425,0.0487871210934959,-0.4760132687037945,0.24945458491055664,2
424,Retail,Other,16980,2884,12232,874,3213,249,-0.29830367982644096,-0.3369125092760216,0.01573187349444282,-0.02926490624783548,0.21069272619755547,0.2340848431817512,2
425,HoReCa,Other,11243,2408,2593,15348,108,1886,0.008379688078090747,-0.5036903932885406,0.022239934732450676,0.4307546891244836,-0.236023672385633,0.4647932907298591,2
426,HoReCa,Other,13134,9347,14316,3141,5079,1894,-0.21944811017717294,-0.030005203408553022,0.3406675623040015,-0.08504686425926118,1.1326647452831988,0.4523412923440142,0
427,HoReCa,Other,31012,16687,5429,15082,439,1163,0.3021542163666042,-0.3235785192565322,0.26793719557533413,0.570749190712399,0.1112196961192339,0.8918099341426831,2
428,HoReCa,Other,3047,5970,4910,2198,850,317,-0.31246197447548324,-0.4350089124605637,-0.16111832318859437,-0.2617603247065138,-0.16333406622073898,-0.6639662017023684,1
429,HoReCa,Other,8607,1750,3580,47,84,2501,-0.31020597641698094,-0.43783925915287963,-0.25205299729855063,-0.1168063670491554,-0.4240949937786319,-0.2736723663265647,1
430,HoReCa,Other,3097,4230,16483,575,241,2080,-0.300778294296054,-0.3408411711287833,0.1063059206984432,-0.24984698551252174,0.40631206511663115,-0.3293434207861324,0
431,HoReCa,Other,8533,5506,5160,13486,1377,1498,-0.0675614323658648,-0.48379970203035116,0.031024518074852996,0.30914615274418156,-0.06632014191494734,0.40828089733118217,2
432,HoReCa,Other,21117,1162,4754,269,1328,395,-0.29735839276600395,-0.45310064356929375,-0.22674933800582273,0.150340399205129,-0.4622008755276756,0.30977169142266303,2
433,HoReCa,Other,1982,3218,1493,1541,356,1449,-0.31875817384630034,-0.42956849890101967,-0.26356797405700716,-0.2339211591909249,-0.3893828625415416,-0.5905524722844293,1
434,HoReCa,Other,16731,3922,7994,688,2371,838,-0.3110964989760561,-0.4020189361475091,-0.10008979654158988,-0.013390375940342704,-0.1422984501163958,0.23064265409454085,2
435,HoReCa,Other,29703,12051,16027,13135,182,2204,0.3191052951674,-0.2231570479993155,0.2862913339714771,0.5574949277629309,0.2511996470743045,0.9703442636368791,2
436,HoReCa,Other,39228,1431,764,4510,93,2346,-0.19986341344858438,-0.45292764548423137,-0.04827653655267663,0.7196502105618212,-0.40017040878599125,0.9319810019193497,2
437,Retail,Other,14531,15488,30243,437,14841,1867,-0.07785050892318846,2.473392760792461,0.8366877110474459,0.12210161265832567,1.1354324092019188,0.30625257598113365,0
438,HoReCa,Other,10290,1981,2232,1038,168,2125,-0.3120882167553878,-0.43457683885950493,-0.29448797072795774,-0.060725057504612594,-0.594660831770193,-0.1799082157149279,1
439,HoReCa,Other,2787,1698,2510,65,477,52,-0.2596894934423602,-0.43477314758920826,-0.27131284644558973,-0.2611789005291763,-0.37028872632114596,-0.6312233940849091,1
